Date,Open,High,Low,Close,Volume 
2020.02.17 22:00:00,1.08343,1.08373,1.07854,1.07907,132797.012
2020.02.18 22:00:00,1.07906,1.08115,1.07822,1.08022,106436.2154
2020.02.19 22:00:00,1.08022,1.08211,1.07778,1.07838,142802.4415
2020.02.20 22:00:00,1.07843,1.08635,1.07843,1.08456,200502.85
2020.02.23 22:00:00,1.08145,1.0872,1.0805,1.08519,176178.729
2020.02.24 22:00:00,1.08519,1.08902,1.083,1.08806,186037.3403
2020.02.25 22:00:00,1.08806,1.09086,1.08549,1.08813,188356.4808
2020.02.26 22:00:00,1.08812,1.10064,1.08769,1.09998,214850.81
2020.02.27 22:00:00,1.09998,1.1053,1.09509,1.10251,252671.585
2020.03.01 22:00:00,1.10423,1.11845,1.10362,1.11331,249291.9488
2020.03.02 22:00:00,1.11327,1.12134,1.10953,1.11716,216215.855
2020.03.03 22:00:00,1.11715,1.11875,1.10955,1.11328,164485.685
2020.03.04 22:00:00,1.11328,1.12447,1.11195,1.12361,193127.79
2020.03.05 22:00:00,1.12361,1.13546,1.12112,1.12804,241330.9807
2020.03.08 21:00:00,1.13473,1.14954,1.1335,1.1439,298459.7685
2020.03.09 21:00:00,1.14285,1.14578,1.12749,1.12794,266412.1347
2020.03.10 21:00:00,1.12802,1.13667,1.12573,1.12682,198776.6637
2020.03.11 21:00:00,1.12682,1.13336,1.1055,1.11848,260011.1276
2020.03.12 21:00:00,1.11848,1.12213,1.1055,1.10992,239402.1089
2020.03.15 21:00:00,1.10705,1.12366,1.10705,1.1182,297556.9467
2020.03.16 21:00:00,1.1182,1.11891,1.0955,1.09971,277624.9348
2020.03.17 21:00:00,1.09971,1.10451,1.08016,1.0912,320029.4885
2020.03.18 21:00:00,1.0912,1.09818,1.0655,1.06911,303104.1894
2020.03.19 21:00:00,1.06913,1.08309,1.06375,1.06929,481684.7622
2020.03.22 21:00:00,1.07011,1.08279,1.06357,1.07239,468719.9048
2020.03.23 21:00:00,1.07233,1.08879,1.07204,1.07861,344016.555
2020.03.24 21:00:00,1.07861,1.08938,1.07599,1.08812,297512.1784
2020.03.25 21:00:00,1.08812,1.10587,1.08698,1.10302,282164.04
2020.03.26 21:00:00,1.10298,1.11473,1.09533,1.11379,258445.034
2020.03.29 22:00:00,1.11172,1.1144,1.101,1.10427,194602.4077
2020.03.30 22:00:00,1.10427,1.10545,1.09265,1.10299,315910.1103
2020.03.31 22:00:00,1.10286,1.1039,1.09026,1.09616,271412.5953
2020.04.01 22:00:00,1.09619,1.09684,1.08206,1.08561,296971.6477
2020.04.02 22:00:00,1.08557,1.08645,1.07727,1.07955,271889.174
2020.04.05 22:00:00,1.08082,1.08354,1.07683,1.0792,283322.888
2020.04.06 22:00:00,1.0792,1.09263,1.07835,1.08904,284007.77
2020.04.07 22:00:00,1.08903,1.09019,1.08299,1.08564,236735.987
2020.04.08 22:00:00,1.08559,1.09516,1.08409,1.09285,262590.775
2020.04.09 22:00:00,1.09286,1.09524,1.09192,1.09326,150858.0503
2020.04.12 22:00:00,1.09482,1.09678,1.08926,1.0912,164411.332
2020.04.13 22:00:00,1.09109,1.09871,1.09029,1.09798,227195.6333
2020.04.14 22:00:00,1.09794,1.09907,1.08564,1.09066,242782.58
2020.04.15 22:00:00,1.09076,1.09111,1.08166,1.08386,272079.0937
2020.04.16 22:00:00,1.08386,1.08926,1.08119,1.08711,265342.13
2020.04.19 22:00:00,1.08748,1.08967,1.08411,1.08607,205688.8427
2020.04.20 22:00:00,1.08611,1.08802,1.08165,1.08564,269583.29
2020.04.21 22:00:00,1.08563,1.08852,1.08032,1.08229,216659.8857
2020.04.22 22:00:00,1.08226,1.08466,1.0756,1.0776,279221.895
2020.04.23 22:00:00,1.0776,1.08294,1.07271,1.08196,236007.13
2020.04.26 22:00:00,1.08211,1.08602,1.08112,1.08286,204454.825
2020.04.27 22:00:00,1.08282,1.08884,1.08097,1.08186,214232.415
2020.04.28 22:00:00,1.08186,1.08856,1.08183,1.08724,216037.605
2020.04.29 22:00:00,1.08741,1.09726,1.0833,1.09539,287628.55
2020.04.30 22:00:00,1.09539,1.10187,1.09344,1.09777,195288.9337
2020.05.03 22:00:00,1.09676,1.09736,1.08956,1.09058,218738.9774
2020.05.04 22:00:00,1.09063,1.09258,1.08258,1.08377,231702.35
2020.05.05 22:00:00,1.08377,1.08456,1.07819,1.0793,243295.8824
2020.05.06 22:00:00,1.07934,1.08339,1.07665,1.08331,232904.04
2020.05.07 22:00:00,1.0834,1.08756,1.08151,1.08371,172159.191
2020.05.10 22:00:00,1.08265,1.08504,1.08005,1.08061,213421.74
2020.05.11 22:00:00,1.08059,1.08851,1.07843,1.08472,208817.575
2020.05.12 22:00:00,1.08475,1.08965,1.08116,1.08176,229573.075
2020.05.13 22:00:00,1.08176,1.08239,1.07748,1.0804,213507.6881
2020.05.14 22:00:00,1.08042,1.08509,1.07888,1.08183,205052.602
2020.05.17 22:00:00,1.08088,1.0927,1.07999,1.09154,201086.1509
2020.05.18 22:00:00,1.09155,1.09759,1.09021,1.09221,249931.144
2020.05.19 22:00:00,1.09219,1.09989,1.09186,1.09771,214430.1
2020.05.20 22:00:00,1.09769,1.10083,1.09371,1.09484,175101.849
2020.05.21 22:00:00,1.09472,1.09535,1.08852,1.0898,162130.2524
2020.05.24 22:00:00,1.08956,1.09144,1.08706,1.0895,97996.43
2020.05.25 22:00:00,1.0895,1.09957,1.08919,1.09816,202117.3175
2020.05.26 22:00:00,1.09812,1.10307,1.0934,1.10026,323507.24
2020.05.27 22:00:00,1.10024,1.10934,1.09916,1.10767,230033.97
2020.05.28 22:00:00,1.10767,1.11451,1.10698,1.11036,380449.8517
2020.05.31 22:00:00,1.11129,1.1154,1.11004,1.11353,244746.6634
2020.06.01 22:00:00,1.11353,1.11959,1.11151,1.11693,273133.1024
2020.06.02 22:00:00,1.1169,1.12577,1.11667,1.12328,244113.3764
2020.06.03 22:00:00,1.12325,1.13623,1.11947,1.1337,274067.76
2020.06.04 22:00:00,1.13367,1.13836,1.12784,1.12911,271855.155
2020.06.07 22:00:00,1.12934,1.13198,1.12682,1.12937,200343.6671
2020.06.08 22:00:00,1.12936,1.13638,1.12409,1.13395,236624.385
2020.06.09 22:00:00,1.13395,1.14224,1.13219,1.13729,249929.0646
2020.06.10 22:00:00,1.13729,1.14036,1.12885,1.12989,300185.08
2020.06.11 22:00:00,1.12989,1.13405,1.12125,1.1255,311745.4699
2020.06.14 22:00:00,1.12329,1.13324,1.12262,1.13228,291436.845
2020.06.15 22:00:00,1.13228,1.13532,1.12278,1.12631,236707.0975
2020.06.16 22:00:00,1.12629,1.12939,1.12068,1.12432,248437.5617
2020.06.17 22:00:00,1.12428,1.12613,1.11854,1.12055,235975.64
2020.06.18 22:00:00,1.12054,1.12542,1.1168,1.11759,239664.601
2020.06.21 22:00:00,1.11835,1.12698,1.11684,1.12597,180066.2649
2020.06.22 22:00:00,1.12597,1.13486,1.1233,1.13074,238122.341
2020.06.23 22:00:00,1.13073,1.13257,1.12482,1.12503,231204.875
2020.06.24 22:00:00,1.12503,1.12597,1.11903,1.1217,234684.12
2020.06.25 22:00:00,1.12181,1.12393,1.11951,1.1217,175079.052
2020.06.28 22:00:00,1.12149,1.12879,1.12149,1.1241,179170.7479
2020.06.29 22:00:00,1.12412,1.12619,1.1191,1.12336,196959.774
2020.06.30 22:00:00,1.1234,1.12751,1.11848,1.12507,186639.94
2020.07.01 22:00:00,1.12507,1.13026,1.12233,1.12388,184185.11
2020.07.02 22:00:00,1.12391,1.12518,1.12192,1.12464,146874.5163
2020.07.05 22:00:00,1.12433,1.13454,1.12411,1.13089,142461.675
2020.07.06 22:00:00,1.13087,1.13325,1.12588,1.12727,161140.34
2020.07.07 22:00:00,1.12725,1.13518,1.12623,1.13293,164988.7093
2020.07.08 22:00:00,1.13292,1.13706,1.12801,1.12846,199150.41
2020.07.09 22:00:00,1.12845,1.13247,1.12547,1.1299,180567.15
2020.07.12 22:00:00,1.13039,1.13748,1.13008,1.13435,240740.045
2020.07.13 22:00:00,1.13431,1.14086,1.13251,1.13993,356993.285
2020.07.14 22:00:00,1.1399,1.1452,1.1391,1.14113,308569.029
2020.07.15 22:00:00,1.14113,1.14417,1.13704,1.13834,286760.485
2020.07.16 22:00:00,1.13832,1.14436,1.13756,1.14269,180941.235
2020.07.19 22:00:00,1.14084,1.14677,1.14023,1.14472,287644.3436
2020.07.20 22:00:00,1.14472,1.15398,1.14228,1.15265,381991.79
2020.07.21 22:00:00,1.15268,1.16013,1.15068,1.15695,469647.155
2020.07.22 22:00:00,1.15693,1.16268,1.15403,1.15959,357670.275
2020.07.23 22:00:00,1.15959,1.1658,1.15812,1.16546,414395.3535
2020.07.26 22:00:00,1.1643,1.17813,1.16413,1.1751,340905.6
2020.07.27 22:00:00,1.17512,1.17736,1.16987,1.1715,345127.895
2020.07.28 22:00:00,1.17148,1.18061,1.17118,1.17907,338594.795
2020.07.29 22:00:00,1.1791,1.18482,1.17308,1.18467,336437.8083
2020.07.30 22:00:00,1.18465,1.19087,1.17617,1.17753,580493.21
2020.08.02 22:00:00,1.17725,1.17966,1.16959,1.17617,314524.6635
2020.08.03 22:00:00,1.17633,1.18059,1.17211,1.18028,430308.77
2020.08.04 22:00:00,1.18026,1.19048,1.17929,1.18629,1048544.36
2020.08.05 22:00:00,1.18627,1.1916,1.18179,1.18763,1292643.145
2020.08.06 22:00:00,1.18763,1.18828,1.17551,1.17862,434629.11
2020.08.09 22:00:00,1.17886,1.18006,1.17359,1.17371,301512.86
2020.08.10 22:00:00,1.17373,1.1808,1.17219,1.17395,586722.89
2020.08.11 22:00:00,1.17395,1.1817,1.1711,1.17835,626910.6461
2020.08.12 22:00:00,1.17835,1.18641,1.17796,1.18131,452405.645
2020.08.13 22:00:00,1.18126,1.18503,1.17817,1.18414,334420.315
2020.08.16 22:00:00,1.18389,1.18809,1.18286,1.18698,301857.7704
2020.08.17 22:00:00,1.18698,1.19656,1.18658,1.19305,323407.48
2020.08.18 22:00:00,1.19306,1.19526,1.18302,1.18385,529791.395
2020.08.19 22:00:00,1.18396,1.18686,1.18019,1.18599,429140.3625
2020.08.20 22:00:00,1.18599,1.18828,1.17541,1.17949,388376.9684
2020.08.23 22:00:00,1.17911,1.18495,1.17841,1.17873,217817.7417
2020.08.24 22:00:00,1.17871,1.18435,1.17841,1.18343,420332.1851
2020.08.25 22:00:00,1.1834,1.18391,1.17721,1.18298,275299.325
2020.08.26 22:00:00,1.18297,1.19018,1.17623,1.18215,465558.5
2020.08.27 22:00:00,1.18215,1.19197,1.18109,1.19018,572861.705
2020.08.30 22:00:00,1.18998,1.1966,1.1884,1.19361,998345.717
2020.08.31 22:00:00,1.19358,1.20113,1.19013,1.19113,375627.645
2020.09.01 22:00:00,1.19112,1.19287,1.18221,1.18547,727000.74
2020.09.02 22:00:00,1.18506,1.18646,1.17889,1.18512,888288.6477
2020.09.03 22:00:00,1.18513,1.18654,1.17809,1.18371,975069.88
2020.09.06 22:00:00,1.18432,1.18486,1.18117,1.18133,473109.8124
2020.09.07 22:00:00,1.18133,1.18273,1.17654,1.17737,904698.405
2020.09.08 22:00:00,1.17749,1.18339,1.17527,1.18025,847151.7283
2020.09.09 22:00:00,1.18026,1.19175,1.18004,1.18146,1079876.592
2020.09.10 22:00:00,1.18145,1.18741,1.1813,1.18453,921866.9233
2020.09.13 22:00:00,1.18348,1.1888,1.18319,1.18643,908617.9723
2020.09.14 22:00:00,1.18648,1.19005,1.18395,1.18462,889556.0097
2020.09.15 22:00:00,1.18465,1.18825,1.17876,1.18155,999318.68
2020.09.16 22:00:00,1.18156,1.18524,1.17373,1.18477,1396941.407
2020.09.17 22:00:00,1.18476,1.18705,1.1826,1.18385,1098599.235
2020.09.20 22:00:00,1.18369,1.18717,1.17317,1.17707,1326884.44
2020.09.21 22:00:00,1.17707,1.17735,1.16916,1.17077,1025213.65
2020.09.22 22:00:00,1.17074,1.17188,1.16513,1.16595,1081733.563
2020.09.23 22:00:00,1.1659,1.16869,1.16265,1.16708,1085492.73
2020.09.24 22:00:00,1.16706,1.1685,1.16121,1.16277,993353.685
2020.09.27 22:00:00,1.16271,1.16799,1.1615,1.1665,1022732.439
2020.09.28 22:00:00,1.1665,1.17455,1.16614,1.17426,980638.705
2020.09.29 22:00:00,1.1743,1.17548,1.16847,1.1721,1341208.07
2020.09.30 22:00:00,1.1721,1.17696,1.17171,1.1746,1321574.37
2020.10.01 22:00:00,1.17489,1.17489,1.16956,1.17157,1400393.573
2020.10.04 22:00:00,1.1711,1.17975,1.17053,1.17825,1043070.404
2020.10.05 22:00:00,1.17825,1.18077,1.17317,1.17334,1202139.655
2020.10.06 22:00:00,1.17335,1.17818,1.17249,1.17604,1195938.128
2020.10.07 22:00:00,1.176,1.17816,1.17326,1.17582,1112217.697
2020.10.08 22:00:00,1.17587,1.1831,1.17568,1.18248,1054360.17
2020.10.11 22:00:00,1.18103,1.18266,1.17867,1.1812,959558.47
2020.10.12 22:00:00,1.1812,1.18155,1.17304,1.1744,1191270.31
2020.10.13 22:00:00,1.17452,1.1771,1.17199,1.17452,1146763.69
2020.10.14 22:00:00,1.17452,1.17578,1.16884,1.17073,1052065.191
2020.10.15 22:00:00,1.17073,1.17462,1.16939,1.17132,952925.32
2020.10.18 22:00:00,1.17181,1.17936,1.17031,1.17695,682296.6885
2020.10.19 22:00:00,1.17695,1.18407,1.17598,1.18211,799622.3085
2020.10.20 22:00:00,1.18214,1.18807,1.18209,1.18598,949038.422
2020.10.21 22:00:00,1.18569,1.18668,1.18114,1.18177,932813.0831
2020.10.22 22:00:00,1.18177,1.18648,1.17866,1.18572,904441.49
2020.10.25 21:00:00,1.18546,1.18605,1.18032,1.18086,839654.8305
2020.10.26 21:00:00,1.1809,1.18387,1.17927,1.1795,787344.9255
2020.10.27 21:00:00,1.17949,1.17978,1.17178,1.17457,1065411.018
2020.10.28 21:00:00,1.17457,1.17587,1.16501,1.16731,780362
2020.10.29 21:00:00,1.16743,1.17042,1.164,1.16431,917926.6925
2020.11.01 22:00:00,1.16498,1.16557,1.16221,1.16404,825009.724
2020.11.02 22:00:00,1.16404,1.17397,1.16318,1.1715,652729.068
2020.11.03 22:00:00,1.1715,1.17704,1.16026,1.17244,1304116.279
2020.11.04 22:00:00,1.17251,1.18596,1.17107,1.18268,953757.5011
2020.11.05 22:00:00,1.18268,1.18908,1.17952,1.187,512782.1525
2020.11.08 22:00:00,1.18898,1.19199,1.17952,1.18127,698296.31
2020.11.09 22:00:00,1.18124,1.18432,1.17799,1.18127,628651.9695
2020.11.10 22:00:00,1.18127,1.18327,1.17454,1.17771,427459.865
2020.11.11 22:00:00,1.17771,1.18231,1.17585,1.18041,452031.2077
2020.11.12 22:00:00,1.18039,1.18374,1.17989,1.1831,383459.32
2020.11.15 22:00:00,1.18411,1.18689,1.18141,1.18516,391986.7163
2020.11.16 22:00:00,1.18509,1.18937,1.18425,1.18612,337998.865
2020.11.17 22:00:00,1.18607,1.18908,1.18491,1.18526,358563.1744
2020.11.18 22:00:00,1.18526,1.18825,1.18161,1.18745,412653.655
2020.11.19 22:00:00,1.18745,1.18908,1.18498,1.18544,393869.0473
2020.11.22 22:00:00,1.18538,1.1906,1.17997,1.18399,373709.3185
2020.11.23 22:00:00,1.18399,1.18961,1.18361,1.18905,453267.33
2020.11.24 22:00:00,1.18922,1.19297,1.18818,1.19157,438592.505
2020.11.25 22:00:00,1.19157,1.19409,1.18852,1.19127,309694.9054
2020.11.26 22:00:00,1.19125,1.19641,1.19068,1.1962,297590.699
2020.11.29 22:00:00,1.19614,1.20032,1.19236,1.19256,425824.109
2020.11.30 22:00:00,1.1926,1.20765,1.19249,1.20692,332544.315
2020.12.01 22:00:00,1.20691,1.21183,1.20399,1.21132,355342.2675
2020.12.02 22:00:00,1.21151,1.21746,1.2101,1.21454,370868.66
2020.12.03 22:00:00,1.21454,1.21773,1.21101,1.21202,424588.366
2020.12.06 22:00:00,1.21308,1.21662,1.20784,1.21091,406139.7792
2020.12.07 22:00:00,1.21091,1.21339,1.20953,1.21022,341450.0325
2020.12.08 22:00:00,1.21022,1.21475,1.20587,1.20799,241128.2357
2020.12.09 22:00:00,1.20779,1.21588,1.20748,1.21398,236319.6025
2020.12.10 22:00:00,1.2136,1.21629,1.21053,1.21086,195119.534
2020.12.13 22:00:00,1.21367,1.21767,1.21155,1.21432,163952.7717
2020.12.14 22:00:00,1.21432,1.21689,1.2121,1.21505,143355.2175
2020.12.15 22:00:00,1.21489,1.22121,1.2125,1.21985,172883.59
2020.12.16 22:00:00,1.21983,1.22726,1.21898,1.22656,168635.11
2020.12.17 22:00:00,1.22676,1.22718,1.22255,1.22559,162035.466
2020.12.20 22:00:00,1.2221,1.22529,1.21296,1.22432,234164.97
2020.12.21 22:00:00,1.22432,1.2257,1.2152,1.2161,204277.3113
2020.12.22 22:00:00,1.2161,1.2221,1.21538,1.2185,187712.7575
2020.12.23 22:00:00,1.21845,1.22156,1.21773,1.21844,149462.719
2020.12.24 22:00:00,1.21861,1.22031,1.21709,1.21922,5932.44
2020.12.27 22:00:00,1.2186,1.22502,1.21811,1.2216,140335.2873
2020.12.28 22:00:00,1.2216,1.2275,1.22073,1.22478,152064.8675
2020.12.29 22:00:00,1.22455,1.23101,1.22453,1.22952,158740.055
2020.12.30 22:00:00,1.22955,1.23092,1.22091,1.22141,164452.6337
2021.01.03 22:00:00,1.22396,1.23096,1.22296,1.22473,247868.262
2021.01.04 22:00:00,1.22463,1.23056,1.22432,1.22957,193572.1337
2021.01.05 22:00:00,1.22946,1.23494,1.22655,1.23239,270515.945
2021.01.06 22:00:00,1.23247,1.23443,1.2245,1.2271,194294.2315
2021.01.07 22:00:00,1.22713,1.22845,1.21929,1.22174,239793.1149
2021.01.10 22:00:00,1.22175,1.22284,1.21321,1.21496,199048.217
2021.01.11 22:00:00,1.21497,1.22097,1.21371,1.22062,155317.5961
2021.01.12 22:00:00,1.22064,1.22227,1.21399,1.21568,174070.862
2021.01.13 22:00:00,1.21568,1.21784,1.2111,1.2153,194068.261
2021.01.14 22:00:00,1.2153,1.21624,1.20747,1.20748,168388.538
2021.01.17 22:00:00,1.20838,1.20867,1.20535,1.20749,123648.0972
2021.01.18 22:00:00,1.20748,1.21448,1.20739,1.21284,173570.845
2021.01.19 22:00:00,1.21281,1.21581,1.20767,1.21044,172088.6675
2021.01.20 22:00:00,1.21044,1.2173,1.21032,1.2164,163963.5325
2021.01.21 22:00:00,1.21564,1.21894,1.21515,1.21667,142147.3301
2021.01.24 22:00:00,1.21688,1.21832,1.21158,1.21363,163322.5041
2021.01.25 22:00:00,1.21363,1.21758,1.21076,1.21597,147933.0936
2021.01.26 22:00:00,1.21598,1.21696,1.20585,1.21096,199305.8475
2021.01.27 22:00:00,1.21083,1.21424,1.20807,1.21201,200758.53
2021.01.28 22:00:00,1.21199,1.2156,1.20944,1.21298,194330.7
2021.01.31 22:00:00,1.21297,1.21363,1.2056,1.20594,169316.5594
2021.02.01 22:00:00,1.20594,1.20877,1.20115,1.20428,147600.08
2021.02.02 22:00:00,1.20423,1.205,1.2004,1.20351,120119.69
2021.02.03 22:00:00,1.20349,1.20427,1.19574,1.1962,121808.085
2021.02.04 22:00:00,1.19618,1.20498,1.19522,1.20481,125559.8848
2021.02.07 22:00:00,1.20375,1.2066,1.20196,1.20482,117625.978
2021.02.08 22:00:00,1.20479,1.21218,1.20469,1.21172,133697.04
2021.02.09 22:00:00,1.21168,1.2144,1.21088,1.21172,130601.925
2021.02.10 22:00:00,1.21172,1.21494,1.21134,1.21303,88250.5487
2021.02.11 22:00:00,1.21303,1.2135,1.20815,1.21177,83077.43
2021.02.14 22:00:00,1.21244,1.21451,1.21167,1.21274,68552.6184
2021.02.15 22:00:00,1.21269,1.21693,1.20949,1.21053,118869.935
2021.02.16 22:00:00,1.21047,1.2109,1.20232,1.20372,131488.335
2021.02.17 22:00:00,1.20333,1.20945,1.2033,1.20908,118387.975
2021.02.18 22:00:00,1.20908,1.21444,1.20823,1.21167,120562.365
2021.02.21 22:00:00,1.21151,1.21693,1.20911,1.21551,136092.545
2021.02.22 22:00:00,1.21551,1.21801,1.21353,1.21493,123596.545
2021.02.23 22:00:00,1.21493,1.21745,1.21092,1.21664,160048.55
2021.02.24 22:00:00,1.2163,1.22433,1.21559,1.2174,232552.36
2021.02.25 22:00:00,1.21718,1.21841,1.20621,1.20704,311728.3435
2021.02.28 22:00:00,1.20702,1.21011,1.20276,1.20488,158262.375
2021.03.01 22:00:00,1.20488,1.20943,1.19916,1.20898,163214.715
2021.03.02 22:00:00,1.20893,1.21132,1.20427,1.20627,181858.794
2021.03.03 22:00:00,1.20627,1.20666,1.19615,1.19692,214543.12
2021.03.04 22:00:00,1.19679,1.19777,1.18932,1.19128,247010.16
2021.03.07 22:00:00,1.19177,1.19321,1.18442,1.1846,188943.6475
2021.03.08 22:00:00,1.1846,1.19156,1.18355,1.19001,167830.41
2021.03.09 22:00:00,1.19001,1.19296,1.18688,1.19284,154286.4207
2021.03.10 22:00:00,1.19283,1.19899,1.19156,1.19844,153676.797
2021.03.11 22:00:00,1.19842,1.19884,1.19099,1.19476,154653.97
2021.03.14 21:00:00,1.19451,1.19674,1.1911,1.19286,124308.92
2021.03.15 21:00:00,1.19277,1.19518,1.18819,1.19017,128877.5865
2021.03.16 21:00:00,1.19016,1.19855,1.18861,1.19779,135521.255
2021.03.17 21:00:00,1.19774,1.19888,1.19061,1.19132,180125.6576
2021.03.18 21:00:00,1.19134,1.19371,1.18738,1.19031,138526.23
2021.03.21 21:00:00,1.18712,1.19468,1.18708,1.19323,117672.07
2021.03.22 21:00:00,1.19323,1.19407,1.18421,1.18492,121963.1025
2021.03.23 21:00:00,1.18492,1.1853,1.18095,1.1812,128415.3595
2021.03.24 21:00:00,1.18122,1.18277,1.17617,1.17635,136003.39
2021.03.25 21:00:00,1.17636,1.18049,1.17633,1.17918,98593.6366
2021.03.28 22:00:00,1.17917,1.17939,1.17606,1.17642,108739.675
2021.03.29 22:00:00,1.1764,1.17737,1.17112,1.17169,101747.155
2021.03.30 22:00:00,1.17168,1.17598,1.1704,1.17298,108027.72
2021.03.31 22:00:00,1.17298,1.17799,1.17125,1.17759,100966.9142
2021.04.01 22:00:00,1.17759,1.17866,1.1749,1.17603,73526.584
2021.04.04 22:00:00,1.17544,1.18194,1.17379,1.18125,64177.8449
2021.04.05 22:00:00,1.18125,1.18776,1.17951,1.1874,92381.3505
2021.04.06 22:00:00,1.1874,1.19147,1.18608,1.18657,93691.97
2021.04.07 22:00:00,1.18657,1.19274,1.18609,1.19124,88048.4287
2021.04.08 22:00:00,1.19121,1.19201,1.18669,1.18977,86552.7175
2021.04.11 22:00:00,1.18903,1.1919,1.1871,1.19099,80081.1498
2021.04.12 22:00:00,1.19098,1.19557,1.18776,1.19474,99223.64
2021.04.13 22:00:00,1.19473,1.19872,1.1947,1.19784,94252.055
2021.04.14 22:00:00,1.19781,1.19932,1.1956,1.19655,88577.895
2021.04.15 22:00:00,1.1963,1.19946,1.19503,1.19805,78344.8601
2021.04.18 22:00:00,1.19722,1.2048,1.19424,1.20367,97787.9459
2021.04.19 22:00:00,1.20363,1.20797,1.20224,1.20342,98215.718
2021.04.20 22:00:00,1.20337,1.20436,1.19985,1.20343,86370.67
2021.04.21 22:00:00,1.20344,1.20694,1.19936,1.20139,106466.23
2021.04.22 22:00:00,1.20138,1.20999,1.20127,1.20938,82121.87
2021.04.25 22:00:00,1.20913,1.21167,1.20608,1.20838,81695.9
2021.04.26 22:00:00,1.20854,1.20926,1.20567,1.20891,81304.0957
2021.04.27 22:00:00,1.20891,1.21347,1.2056,1.21242,104781.33
2021.04.28 22:00:00,1.2124,1.21498,1.21021,1.21182,99413.8429
2021.04.29 22:00:00,1.21173,1.21265,1.20165,1.20169,100428.01
2021.05.02 22:00:00,1.20309,1.2076,1.2013,1.20627,81555.554
2021.05.03 22:00:00,1.20627,1.20649,1.19989,1.20116,107621.535
2021.05.04 22:00:00,1.20106,1.20265,1.19859,1.20036,84306.595
2021.05.05 22:00:00,1.20036,1.20716,1.19929,1.20645,94023.419
2021.05.06 22:00:00,1.20647,1.21713,1.20527,1.21615,130680.092
2021.05.09 22:00:00,1.21601,1.21782,1.21276,1.21282,102255.845
2021.05.10 22:00:00,1.21281,1.21815,1.2123,1.21467,104144.935
2021.05.11 22:00:00,1.21467,1.2152,1.20655,1.20705,164116.545
2021.05.12 22:00:00,1.20724,1.2106,1.20514,1.20791,124405.885
2021.05.13 22:00:00,1.20787,1.21477,1.20708,1.2142,100391.494
2021.05.16 22:00:00,1.2145,1.21687,1.21259,1.21513,81143.86
2021.05.17 22:00:00,1.21514,1.22339,1.21489,1.22219,95882.065
2021.05.18 22:00:00,1.22219,1.22451,1.21598,1.21744,121158.37
2021.05.19 22:00:00,1.21744,1.2229,1.21689,1.22268,91675.644
2021.05.20 22:00:00,1.2227,1.22396,1.21607,1.21778,97878.35
2021.05.23 22:00:00,1.21778,1.22298,1.21722,1.22151,81771.064
2021.05.24 22:00:00,1.22146,1.22664,1.22113,1.22497,96261.135
2021.05.25 22:00:00,1.22481,1.22629,1.2182,1.21922,89787.15
2021.05.26 22:00:00,1.21906,1.22149,1.21751,1.2193,88415.38
2021.05.27 22:00:00,1.21932,1.22048,1.21325,1.21905,98112.82
2021.05.30 22:00:00,1.2199,1.22312,1.21832,1.22243,58683.275
2021.05.31 22:00:00,1.22243,1.22542,1.22116,1.22126,81562.2092
2021.06.01 22:00:00,1.22125,1.22265,1.2164,1.221,77832.365
2021.06.02 22:00:00,1.22097,1.22141,1.21181,1.21265,97226.545
2021.06.03 22:00:00,1.21261,1.21856,1.21039,1.21644,94617.035
2021.06.06 22:00:00,1.21601,1.22017,1.21448,1.21893,56558.24
2021.06.07 22:00:00,1.21892,1.21941,1.21642,1.21726,77182.252
2021.06.08 22:00:00,1.21725,1.22179,1.21711,1.21775,53462.3437
2021.06.09 22:00:00,1.21774,1.21945,1.21433,1.21751,113452.9844
2021.06.10 22:00:00,1.21751,1.21929,1.20925,1.21072,79121.18
2021.06.13 22:00:00,1.21045,1.21305,1.20942,1.21195,56891.2601
2021.06.14 22:00:00,1.21191,1.21473,1.21013,1.21261,70505.845
2021.06.15 22:00:00,1.21257,1.21347,1.19939,1.1994,118140.03
2021.06.16 22:00:00,1.1994,1.20062,1.18916,1.19059,137926.65
2021.06.17 22:00:00,1.19057,1.19249,1.18472,1.18592,141902.48
2021.06.20 22:00:00,1.18542,1.19213,1.18476,1.1917,114807.48
2021.06.21 22:00:00,1.19167,1.19526,1.18808,1.19407,91056.895
2021.06.22 22:00:00,1.19363,1.197,1.19113,1.19255,90192.85
2021.06.23 22:00:00,1.19255,1.19562,1.19176,1.19316,80934.145
2021.06.24 22:00:00,1.19312,1.19751,1.19261,1.19347,76449.3
2021.06.27 22:00:00,1.19296,1.19444,1.19022,1.1923,81234.64
2021.06.28 22:00:00,1.19209,1.19295,1.18775,1.18953,88112.185
2021.06.29 22:00:00,1.18955,1.1909,1.1845,1.18558,99521.565
2021.06.30 22:00:00,1.1856,1.18842,1.18373,1.18492,97887.845
2021.07.01 22:00:00,1.18492,1.18741,1.1807,1.18622,96107.665
2021.07.04 22:00:00,1.18598,1.18804,1.18513,1.1862,61653.28
2021.07.05 22:00:00,1.1862,1.18951,1.18068,1.18234,97935.815
2021.07.06 22:00:00,1.18231,1.18364,1.17815,1.179,97921.78
2021.07.07 22:00:00,1.179,1.18678,1.17834,1.18441,136572.46
2021.07.08 22:00:00,1.18441,1.1881,1.18249,1.1871,99638.755
2021.07.11 22:00:00,1.18751,1.18802,1.1836,1.18596,78221.8704
2021.07.12 22:00:00,1.18594,1.18751,1.17721,1.17758,91330.78
2021.07.13 22:00:00,1.17756,1.18387,1.17717,1.18355,80432.2947
2021.07.14 22:00:00,1.1835,1.18506,1.17962,1.18118,78810.62
2021.07.15 22:00:00,1.18119,1.18221,1.17921,1.18047,75426.955
2021.07.18 22:00:00,1.18054,1.18244,1.17636,1.17967,103317.7638
2021.07.19 22:00:00,1.17979,1.18024,1.17555,1.17801,105180.5956
2021.07.20 22:00:00,1.17776,1.18046,1.17518,1.17939,77664.51
2021.07.21 22:00:00,1.17892,1.18304,1.17572,1.17706,113584.225
2021.07.22 22:00:00,1.17706,1.17865,1.17544,1.17683,70993.027
2021.07.25 22:00:00,1.17681,1.18172,1.17632,1.18026,73500.1445
2021.07.26 22:00:00,1.18027,1.18409,1.17698,1.18165,70716.7476
2021.07.27 22:00:00,1.1816,1.18494,1.17721,1.18432,94418.275
2021.07.28 22:00:00,1.18432,1.18927,1.18406,1.1886,66404.05
2021.07.29 22:00:00,1.18859,1.19085,1.18515,1.18667,80763.4804
2021.08.01 22:00:00,1.18641,1.18968,1.18587,1.18675,65193.0225
2021.08.02 22:00:00,1.18671,1.18932,1.18535,1.18632,61158.165
2021.08.03 22:00:00,1.18632,1.18996,1.18326,1.18364,59572.9093
2021.08.04 22:00:00,1.18364,1.18572,1.1828,1.18321,52567.975
2021.08.05 22:00:00,1.1832,1.18357,1.17543,1.17596,56752.06
2021.08.08 22:00:00,1.1758,1.17689,1.17348,1.17359,51570.23
2021.08.09 22:00:00,1.17359,1.17427,1.17095,1.17185,76856.64
2021.08.10 22:00:00,1.17185,1.17541,1.17059,1.17381,58849.66
2021.08.11 22:00:00,1.17381,1.17481,1.17236,1.17291,47023.99
2021.08.12 22:00:00,1.17287,1.18045,1.17283,1.17933,45321.5
2021.08.15 22:00:00,1.17934,1.18007,1.17672,1.17764,44291.99
2021.08.16 22:00:00,1.17763,1.17846,1.17079,1.17086,58819.29
2021.08.17 22:00:00,1.17088,1.17427,1.16936,1.17089,59729.43
2021.08.18 22:00:00,1.17088,1.17166,1.16656,1.16753,64180.02
2021.08.19 22:00:00,1.16753,1.17044,1.16638,1.16951,51564.875
2021.08.22 22:00:00,1.16935,1.17501,1.16925,1.17439,57461.83
2021.08.23 22:00:00,1.17439,1.1765,1.17272,1.17541,47464.17
2021.08.24 22:00:00,1.17541,1.17745,1.1726,1.17711,58417.755
2021.08.25 22:00:00,1.1771,1.17789,1.17458,1.17513,65088.21
2021.08.26 22:00:00,1.17515,1.18022,1.17348,1.1791,93344.538
2021.08.29 22:00:00,1.17937,1.18097,1.17827,1.17964,54170.02
2021.08.30 22:00:00,1.17963,1.1845,1.17936,1.18079,66223.86
2021.08.31 22:00:00,1.18082,1.18571,1.17935,1.1838,63610.25
2021.09.01 22:00:00,1.18378,1.1876,1.18342,1.18744,50047.195
2021.09.02 22:00:00,1.18743,1.1909,1.18655,1.18773,72552.52
2021.09.05 22:00:00,1.1876,1.18862,1.18557,1.18683,41377.53
2021.09.06 22:00:00,1.18679,1.18851,1.18374,1.18399,66778.5925
2021.09.07 22:00:00,1.18358,1.18511,1.18019,1.1814,79097.1885
2021.09.08 22:00:00,1.18139,1.18412,1.18051,1.18236,79552.69
2021.09.09 22:00:00,1.18233,1.1851,1.18092,1.18101,67067.065
2021.09.12 22:00:00,1.18111,1.18169,1.177,1.181,60555.2
2021.09.13 22:00:00,1.18095,1.18458,1.18,1.18017,66751
2021.09.14 22:00:00,1.18017,1.18318,1.17991,1.1816,71277.8184
2021.09.15 22:00:00,1.18157,1.18204,1.17504,1.17633,66676.44
2021.09.16 22:00:00,1.17679,1.17888,1.17235,1.17239,71670.7775
2021.09.19 22:00:00,1.17288,1.17364,1.17001,1.17252,83124.39
2021.09.20 22:00:00,1.17252,1.17486,1.17147,1.1724,71459.435
2021.09.21 22:00:00,1.1724,1.17555,1.16843,1.16866,83732.6967
2021.09.22 22:00:00,1.16864,1.175,1.16834,1.17384,79637.74
2021.09.23 22:00:00,1.17383,1.17476,1.17005,1.17181,58186.11
2021.09.26 22:00:00,1.17253,1.17261,1.16846,1.16949,112945.81
2021.09.27 22:00:00,1.16944,1.17031,1.16682,1.16827,114537.9
2021.09.28 22:00:00,1.16828,1.169,1.15894,1.15968,109209.29
2021.09.29 22:00:00,1.15967,1.16096,1.15624,1.15752,101060.33
2021.09.30 22:00:00,1.15744,1.16072,1.15628,1.15923,90981.43
2021.10.03 22:00:00,1.15954,1.164,1.15876,1.16189,76445.91
2021.10.04 22:00:00,1.16188,1.16218,1.15804,1.15966,71081.155
2021.10.05 22:00:00,1.15963,1.16028,1.15291,1.15542,90993.445
2021.10.06 22:00:00,1.15542,1.1572,1.15474,1.1553,57847.745
2021.10.07 22:00:00,1.1553,1.15861,1.15413,1.15721,70206.59
2021.10.10 22:00:00,1.15674,1.15867,1.15489,1.15513,53374.52
2021.10.11 22:00:00,1.1551,1.15703,1.15242,1.15298,67222.925
2021.10.12 22:00:00,1.15298,1.15972,1.15287,1.15939,76467.48
2021.10.13 22:00:00,1.15907,1.16242,1.15839,1.15953,92693.08
2021.10.14 22:00:00,1.15953,1.16185,1.15881,1.15983,94944.7
2021.10.17 22:00:00,1.15903,1.16223,1.15717,1.16091,71256.21
2021.10.18 22:00:00,1.16092,1.16693,1.16078,1.16312,60987.58
2021.10.19 22:00:00,1.16308,1.16586,1.16168,1.16485,63574.485
2021.10.20 22:00:00,1.16482,1.16674,1.16194,1.16215,74175.19
2021.10.21 22:00:00,1.16212,1.16556,1.16198,1.16395,108709.2
2021.10.24 22:00:00,1.16382,1.16649,1.15907,1.1608,74247.83
2021.10.25 22:00:00,1.1608,1.16257,1.15848,1.15959,63656.4643
2021.10.26 22:00:00,1.15959,1.16259,1.15849,1.16027,80954.8225
2021.10.27 22:00:00,1.16027,1.16921,1.15821,1.16785,106111.8
2021.10.28 22:00:00,1.1678,1.16899,1.1535,1.15529,100815.635
2021.10.31 21:00:00,1.15576,1.1609,1.1546,1.16052,72276.58
2021.11.01 21:00:00,1.16052,1.16133,1.15751,1.15783,76045.925
2021.11.02 21:00:00,1.15782,1.16162,1.15622,1.16107,96938.0758
2021.11.03 21:00:00,1.16108,1.16164,1.15282,1.15532,85589.6885
2021.11.04 21:00:00,1.15525,1.15731,1.15132,1.15631,95485.4343
2021.11.07 22:00:00,1.15566,1.15949,1.15503,1.15844,63665.205
2021.11.08 22:00:00,1.15836,1.16087,1.15698,1.15927,67441.835
2021.11.09 22:00:00,1.15912,1.15952,1.14759,1.14781,102527.61
2021.11.10 22:00:00,1.14778,1.14875,1.14428,1.14498,69002.94
2021.11.11 22:00:00,1.14488,1.1462,1.14328,1.14413,71026.625
2021.11.14 22:00:00,1.14473,1.14638,1.13562,1.1367,75323.7306
2021.11.15 22:00:00,1.13665,1.13856,1.13089,1.13196,90386.545
2021.11.16 22:00:00,1.13188,1.13321,1.12635,1.13189,85789.18
2021.11.17 22:00:00,1.13181,1.1374,1.13137,1.1369,78177.425
2021.11.18 22:00:00,1.1369,1.13725,1.12499,1.12794,118361.7004
2021.11.21 22:00:00,1.12873,1.12907,1.12306,1.12356,97958.911
2021.11.22 22:00:00,1.12356,1.1275,1.12259,1.12469,93819.85
2021.11.23 22:00:00,1.12465,1.12552,1.11859,1.11962,101888.125
2021.11.24 22:00:00,1.11957,1.12296,1.11944,1.12065,50564.1616
2021.11.25 22:00:00,1.12064,1.13301,1.12057,1.13071,139284.931
2021.11.28 22:00:00,1.13004,1.13134,1.12583,1.12888,101027.6837
2021.11.29 22:00:00,1.12887,1.13828,1.12349,1.13367,160120.645
2021.11.30 22:00:00,1.13354,1.13596,1.13025,1.13188,118041.19
2021.12.01 22:00:00,1.1318,1.13476,1.12953,1.13006,89596.4
2021.12.02 22:00:00,1.13,1.13333,1.12665,1.13117,122008.54
2021.12.05 22:00:00,1.13046,1.13129,1.12663,1.12832,76367.125
2021.12.06 22:00:00,1.12812,1.12984,1.12275,1.12663,70296.385
2021.12.07 22:00:00,1.12662,1.13547,1.12631,1.13413,84371.194
2021.12.08 22:00:00,1.13411,1.13455,1.12783,1.12923,62539.825
2021.12.09 22:00:00,1.12923,1.13239,1.12651,1.13146,74444.66
2021.12.12 22:00:00,1.131,1.13192,1.126,1.12837,68114.025
2021.12.13 22:00:00,1.12811,1.13238,1.12535,1.12579,83807.375
2021.12.14 22:00:00,1.12579,1.12991,1.12215,1.1291,113081.789
2021.12.15 22:00:00,1.12909,1.13603,1.12811,1.13292,81935.055
2021.12.16 22:00:00,1.13293,1.13488,1.1235,1.1237,74337.8625
2021.12.19 22:00:00,1.12371,1.13037,1.12344,1.12756,69885.28
2021.12.20 22:00:00,1.12745,1.13026,1.12607,1.12823,62032.015
2021.12.21 22:00:00,1.12824,1.13423,1.12644,1.13258,58347.3786
2021.12.22 22:00:00,1.1325,1.13422,1.129,1.13262,65917.72
2021.12.23 22:00:00,1.13265,1.13433,1.13031,1.13102,200271.328
2021.12.26 22:00:00,1.13101,1.13344,1.13028,1.13258,40832.8667
2021.12.27 22:00:00,1.13255,1.13331,1.12895,1.1308,39662.18
2021.12.28 22:00:00,1.1308,1.13688,1.12737,1.13459,71259.3243
2021.12.29 22:00:00,1.13449,1.13598,1.12984,1.13248,54239.65
2021.12.30 22:00:00,1.13248,1.13863,1.13032,1.13667,50532.74
2022.01.02 22:00:00,1.1369,1.13782,1.12797,1.12965,82645.6585
2022.01.03 22:00:00,1.12965,1.13224,1.12721,1.12861,103505.09
2022.01.04 22:00:00,1.12856,1.13463,1.12769,1.13116,97535.0375
2022.01.05 22:00:00,1.13117,1.13318,1.12845,1.12964,109459.7775
2022.01.06 22:00:00,1.12964,1.13647,1.12899,1.13593,84891.125
2022.01.09 22:00:00,1.13515,1.13602,1.12847,1.13235,92145.2131
2022.01.10 22:00:00,1.13234,1.13752,1.1313,1.13659,67687.7
2022.01.11 22:00:00,1.13659,1.14526,1.13547,1.14408,78904.595
2022.01.12 22:00:00,1.14406,1.14817,1.14357,1.1454,71596.885
2022.01.13 22:00:00,1.14535,1.14827,1.13984,1.1409,77216.4065
2022.01.16 22:00:00,1.14118,1.14344,1.13917,1.14047,50064.495
2022.01.17 22:00:00,1.14047,1.14214,1.13146,1.13253,89075.7
2022.01.18 22:00:00,1.13253,1.13571,1.13187,1.13418,71277.0025
2022.01.19 22:00:00,1.13414,1.13688,1.13031,1.13096,74257.255
2022.01.20 22:00:00,1.13096,1.13596,1.13009,1.13418,73924.07
2022.01.23 22:00:00,1.13396,1.1345,1.12904,1.1324,101820.95
2022.01.24 22:00:00,1.1323,1.13289,1.12631,1.12997,83058.725
2022.01.25 22:00:00,1.12995,1.13107,1.12354,1.12408,103078.042
2022.01.26 22:00:00,1.12408,1.12432,1.11312,1.11424,107777.89
2022.01.27 22:00:00,1.11432,1.11735,1.11213,1.1145,110034.46
2022.01.30 22:00:00,1.11422,1.12478,1.1138,1.12329,98070.94
2022.01.31 22:00:00,1.12319,1.12786,1.12209,1.12719,86289.43
2022.02.01 22:00:00,1.12719,1.133,1.12665,1.13022,68522.23
2022.02.02 22:00:00,1.13022,1.14514,1.12672,1.1437,129968.102
2022.02.03 22:00:00,1.14369,1.14837,1.14115,1.14477,107486.02
2022.02.06 22:00:00,1.14638,1.14646,1.14151,1.14421,89719.13
2022.02.07 22:00:00,1.14415,1.14487,1.13961,1.14153,77771.507
2022.02.08 22:00:00,1.14153,1.14477,1.14024,1.14211,66884.872
2022.02.09 22:00:00,1.14214,1.14948,1.13748,1.14272,117806.26
2022.02.10 22:00:00,1.14267,1.14298,1.13296,1.13463,136102.08
2022.02.13 22:00:00,1.13369,1.1369,1.12799,1.13052,128206.384
2022.02.14 22:00:00,1.13043,1.13681,1.12981,1.13574,93704.16
2022.02.15 22:00:00,1.13572,1.13957,1.13449,1.13718,84935.44
2022.02.16 22:00:00,1.13717,1.1386,1.1323,1.13592,120025
2022.02.17 22:00:00,1.13584,1.13769,1.1314,1.13203,88604.1061
2022.02.20 22:00:00,1.13186,1.13905,1.13064,1.13078,79044.4345
2022.02.21 22:00:00,1.13074,1.13667,1.1288,1.1324,113210.66
2022.02.22 22:00:00,1.13229,1.13588,1.13011,1.13027,68673.28
2022.02.23 22:00:00,1.13036,1.13087,1.11062,1.11914,224154.8765
2022.02.24 22:00:00,1.11912,1.12739,1.11659,1.12719,145936.195
2022.02.27 22:00:00,1.11237,1.12464,1.11225,1.12181,198061.53
2022.02.28 22:00:00,1.12181,1.12329,1.10896,1.1124,139952.01
2022.03.01 22:00:00,1.11234,1.11437,1.10573,1.11179,164881.855
2022.03.02 22:00:00,1.11179,1.11215,1.10334,1.10658,113142.2138
2022.03.03 22:00:00,1.10655,1.10677,1.08856,1.09311,161912.4274
2022.03.06 22:00:00,1.09199,1.09325,1.08059,1.08523,246815.055
2022.03.07 22:00:00,1.08515,1.09582,1.08489,1.08997,205756.6167
2022.03.08 22:00:00,1.08964,1.10951,1.089,1.1074,135828.13
2022.03.09 22:00:00,1.10733,1.11212,1.0976,1.09849,176743.9699
2022.03.10 22:00:00,1.09849,1.10435,1.09018,1.09099,174706.64
2022.03.13 21:00:00,1.09205,1.09938,1.09005,1.09399,192788.5558
2022.03.14 21:00:00,1.09399,1.10196,1.0926,1.09551,235412.84
2022.03.15 21:00:00,1.09531,1.10466,1.0948,1.10333,247214.254
2022.03.16 21:00:00,1.10333,1.11375,1.10076,1.1091,154768.42
2022.03.17 21:00:00,1.1091,1.11186,1.1003,1.10492,166997.47
2022.03.20 21:00:00,1.10561,1.10701,1.10102,1.10151,147869.642
2022.03.21 21:00:00,1.10151,1.10457,1.09608,1.1028,213950.05
2022.03.22 21:00:00,1.1028,1.10436,1.09639,1.1002,157769.1362
2022.03.23 21:00:00,1.10019,1.10136,1.09659,1.0996,168848.7424
2022.03.24 21:00:00,1.0996,1.10376,1.09797,1.09805,208035.4641
2022.03.27 22:00:00,1.09845,1.09995,1.09446,1.09838,207880.42
2022.03.28 22:00:00,1.09838,1.1137,1.0969,1.10855,270185.62
2022.03.29 22:00:00,1.10855,1.1171,1.10782,1.11582,279036.5086
2022.03.30 22:00:00,1.11578,1.11848,1.10608,1.10662,183905.91
2022.03.31 22:00:00,1.1066,1.1076,1.10279,1.10427,196561.34
2022.04.03 22:00:00,1.10301,1.10544,1.09603,1.09696,91971.489
2022.04.04 22:00:00,1.09689,1.09886,1.09,1.09033,85122.3256
2022.04.05 22:00:00,1.09033,1.09379,1.08745,1.08945,127013.85
2022.04.06 22:00:00,1.08945,1.09383,1.08644,1.08769,185636.83
2022.04.07 22:00:00,1.08768,1.08917,1.08364,1.08744,120190.628
2022.04.10 22:00:00,1.09202,1.09332,1.08727,1.08829,132621.1038
2022.04.11 22:00:00,1.08829,1.09036,1.08211,1.08262,234319.401
2022.04.12 22:00:00,1.0826,1.08942,1.08088,1.08901,217677.9
2022.04.13 22:00:00,1.08901,1.09233,1.07575,1.08281,271600.4508
2022.04.14 22:00:00,1.08282,1.08299,1.07964,1.08057,177092.7457
2022.04.17 22:00:00,1.08029,1.08216,1.07698,1.07804,154815.49
2022.04.18 22:00:00,1.07809,1.08145,1.0761,1.0788,189758.0162
2022.04.19 22:00:00,1.0788,1.0867,1.07838,1.08514,153309.56
2022.04.20 22:00:00,1.08505,1.09362,1.08234,1.0832,246469.2597
2022.04.21 22:00:00,1.0832,1.08515,1.07707,1.07947,227541.091
2022.04.24 22:00:00,1.08041,1.08153,1.06966,1.07114,288513.6754
2022.04.25 22:00:00,1.0711,1.07386,1.06356,1.0637,226271.474
2022.04.26 22:00:00,1.06367,1.06546,1.05145,1.05575,261057.228
2022.04.27 22:00:00,1.05575,1.05647,1.0471,1.04981,274561.91
2022.04.28 22:00:00,1.0498,1.05928,1.04911,1.05409,225122.2175
2022.05.01 22:00:00,1.05444,1.05682,1.04901,1.05055,263215.531
2022.05.02 22:00:00,1.05055,1.05776,1.04921,1.0519,219644.98
2022.05.03 22:00:00,1.0519,1.06309,1.05059,1.06199,304898.08
2022.05.04 22:00:00,1.062,1.06417,1.04925,1.05405,314083.46
2022.05.05 22:00:00,1.05402,1.05988,1.04826,1.05452,397455.04
2022.05.08 22:00:00,1.05398,1.05924,1.04951,1.05588,247569.35
2022.05.09 22:00:00,1.0559,1.05852,1.05253,1.05285,232583.68
2022.05.10 22:00:00,1.05285,1.05771,1.05017,1.0511,319388.3836
2022.05.11 22:00:00,1.05103,1.05292,1.03539,1.03783,358371.73
2022.05.12 22:00:00,1.03783,1.04195,1.03496,1.04116,152517.93
2022.05.15 22:00:00,1.03952,1.0443,1.03889,1.04313,189810.6886
2022.05.16 22:00:00,1.04313,1.05556,1.04284,1.05466,253819.76
2022.05.17 22:00:00,1.05461,1.05636,1.04597,1.04617,133973.78
2022.05.18 22:00:00,1.04617,1.0607,1.04606,1.05837,273225.08
2022.05.19 22:00:00,1.05809,1.0599,1.05328,1.0561,189770.44
2022.05.22 22:00:00,1.05601,1.06973,1.05552,1.0689,229780.49
2022.05.23 22:00:00,1.06882,1.07485,1.06608,1.07329,160652.31
2022.05.24 22:00:00,1.07334,1.07388,1.06421,1.06763,173450.9
2022.05.25 22:00:00,1.06743,1.07315,1.06624,1.0724,157672.7855
2022.05.26 22:00:00,1.0724,1.0765,1.06968,1.07317,141805.21
2022.05.29 22:00:00,1.07347,1.07867,1.07261,1.07764,133725.05
2022.05.30 22:00:00,1.0776,1.0779,1.06789,1.0732,242581.55
2022.05.31 22:00:00,1.0732,1.07393,1.06271,1.06466,177552.12
2022.06.01 22:00:00,1.06467,1.075,1.06444,1.07451,128093.58
2022.06.02 22:00:00,1.07447,1.07643,1.0704,1.07169,108569.12
2022.06.05 22:00:00,1.07167,1.07518,1.06838,1.06955,117926.36
2022.06.06 22:00:00,1.06954,1.07142,1.06519,1.07043,174315.91
2022.06.07 22:00:00,1.07043,1.07484,1.06713,1.07157,146848.79
2022.06.08 22:00:00,1.07158,1.07738,1.0611,1.06146,244884.09
2022.06.09 22:00:00,1.06146,1.06422,1.05057,1.05137,193883.78
2022.06.12 22:00:00,1.0513,1.05201,1.03997,1.04058,286688.9856
2022.06.13 22:00:00,1.04068,1.04846,1.0397,1.04144,251425.36
2022.06.14 22:00:00,1.04144,1.05077,1.0359,1.04416,391258.89
2022.06.15 22:00:00,1.04416,1.06014,1.03808,1.05463,331755.4
2022.06.16 22:00:00,1.05455,1.05605,1.04444,1.04934,284803.04
2022.06.19 22:00:00,1.04731,1.05458,1.04729,1.05084,161557.682
2022.06.20 22:00:00,1.05085,1.05824,1.05065,1.053,173370.06
2022.06.21 22:00:00,1.053,1.06057,1.04687,1.05645,238807.64
2022.06.22 22:00:00,1.05645,1.0581,1.04826,1.05208,296727.352
2022.06.23 22:00:00,1.05208,1.05712,1.0512,1.05519,155980.35
2022.06.26 22:00:00,1.05479,1.0615,1.05457,1.0582,205448.33
2022.06.27 22:00:00,1.05821,1.06061,1.05032,1.05174,270205.3
2022.06.28 22:00:00,1.05174,1.05354,1.04352,1.04398,294463.9
2022.06.29 22:00:00,1.04398,1.04887,1.03824,1.04831,276715.45
2022.06.30 22:00:00,1.04829,1.04853,1.03658,1.04262,172655.975
2022.07.03 22:00:00,1.04174,1.04627,1.04142,1.04201,158564.55
2022.07.04 22:00:00,1.04201,1.04485,1.0235,1.02645,291751.25
2022.07.05 22:00:00,1.02645,1.02765,1.01614,1.01797,267658.2
2022.07.06 22:00:00,1.01801,1.02209,1.01439,1.01568,118630.424
2022.07.07 22:00:00,1.01604,1.01912,1.0072,1.01822,225527.21
2022.07.10 22:00:00,1.01697,1.01834,1.00336,1.00379,297096.123
2022.07.11 22:00:00,1.00378,1.00738,0.99999,1.00347,341943.71
2022.07.12 22:00:00,1.0035,1.01222,0.99979,1.00555,389352.68
2022.07.13 22:00:00,1.00555,1.00597,0.99521,1.00165,483497.558
2022.07.14 22:00:00,1.00158,1.00979,1.00068,1.00821,266141.45
2022.07.17 22:00:00,1.00811,1.02011,1.00785,1.01413,227303.35
2022.07.18 22:00:00,1.01412,1.0269,1.01195,1.02251,285239.7599
2022.07.19 22:00:00,1.02251,1.02729,1.01553,1.01771,218648.4
2022.07.20 22:00:00,1.01767,1.02781,1.01531,1.02285,297733.57
2022.07.21 22:00:00,1.02286,1.02553,1.01297,1.02119,327772.284
2022.07.24 22:00:00,1.02083,1.02578,1.01784,1.02176,315631.29
2022.07.25 22:00:00,1.02189,1.025,1.01074,1.01145,257356.09
2022.07.26 22:00:00,1.01138,1.02206,1.00966,1.01955,263732.37
2022.07.27 22:00:00,1.01935,1.02343,1.01138,1.01966,297891.6106
2022.07.28 22:00:00,1.0196,1.02542,1.0146,1.02248,437017.57
2022.07.31 22:00:00,1.02098,1.02751,1.02053,1.02607,532039.7374
2022.08.01 22:00:00,1.02607,1.02939,1.01633,1.01652,637944.065
2022.08.02 22:00:00,1.01648,1.02102,1.01226,1.01643,627251.46
2022.08.03 22:00:00,1.01642,1.02537,1.01542,1.0244,472123.71
2022.08.04 22:00:00,1.02441,1.0252,1.01415,1.01825,388706.53
2022.08.07 22:00:00,1.01726,1.02217,1.0159,1.01946,229087.01
2022.08.08 22:00:00,1.01946,1.02472,1.01885,1.02126,243217.26
2022.08.09 22:00:00,1.02126,1.03685,1.0202,1.02988,407071.62
2022.08.10 22:00:00,1.02987,1.03642,1.02752,1.0319,503953.25
2022.08.11 22:00:00,1.0317,1.03274,1.0238,1.0259,414339.6
2022.08.14 22:00:00,1.02551,1.02682,1.01544,1.01592,395829.34
2022.08.15 22:00:00,1.01592,1.01948,1.01225,1.01702,424265.38
2022.08.16 22:00:00,1.01702,1.02029,1.01453,1.01797,436431.64
2022.08.17 22:00:00,1.0178,1.01929,1.00795,1.00868,390562.57
2022.08.18 22:00:00,1.0087,1.00954,1.00318,1.00326,387656.302
2022.08.21 22:00:00,1.00366,1.00466,0.9926,0.99427,429239.4
2022.08.22 22:00:00,0.99427,1.00181,0.99002,0.99688,519809.489
2022.08.23 22:00:00,0.99686,0.99993,0.99099,0.99642,476065.22
2022.08.24 22:00:00,0.99641,1.00334,0.9949,0.99737,484589.83
2022.08.25 22:00:00,0.99739,1.00898,0.99463,0.99623,445527.22
2022.08.28 22:00:00,0.99657,1.00291,0.99141,0.99958,419726.39
2022.08.29 22:00:00,0.99943,1.00547,0.99818,1.00129,543464.53
2022.08.30 22:00:00,1.00128,1.0079,0.99712,1.00522,552375.86
2022.08.31 22:00:00,1.00525,1.00557,0.99107,0.99431,537707.91
2022.09.01 22:00:00,0.99429,1.00335,0.99427,0.99515,552328.55
2022.09.04 22:00:00,0.99285,0.9944,0.98772,0.99285,399017.664
2022.09.05 22:00:00,0.99245,0.99862,0.98638,0.99029,621330.056
2022.09.06 22:00:00,0.9903,1.00108,0.98756,1.00033,524516.03
2022.09.07 22:00:00,0.99989,1.00294,0.99303,0.99959,522124.33
2022.09.08 22:00:00,0.9995,1.01131,0.99949,1.00425,356663.89
2022.09.11 22:00:00,1.01039,1.01977,1.00596,1.01214,397821.34
2022.09.12 22:00:00,1.01215,1.0187,0.99662,0.99671,541235.01
2022.09.13 22:00:00,0.99669,1.00234,0.99554,0.99791,643459.526
2022.09.14 22:00:00,0.99791,1.00177,0.99556,0.99959,491565.45
2022.09.15 22:00:00,0.99981,1.00363,0.99448,1.00146,506777.15
2022.09.18 22:00:00,1.00072,1.00291,0.99657,1.00215,389192.96
2022.09.19 22:00:00,1.00216,1.00504,0.9955,0.99706,410189.25
2022.09.20 22:00:00,0.99706,0.9975,0.98128,0.98368,659387.232
2022.09.21 22:00:00,0.98365,0.99074,0.9808,0.98342,785093.67
2022.09.22 22:00:00,0.98327,0.98517,0.9668,0.96885,725076.49
2022.09.25 22:00:00,0.96666,0.97098,0.95503,0.96085,1029844.66
2022.09.26 22:00:00,0.96077,0.96707,0.95689,0.95931,683525.42
2022.09.27 22:00:00,0.9592,0.97508,0.95357,0.97323,973091.07
2022.09.28 22:00:00,0.97322,0.98158,0.96353,0.98146,702366.81
2022.09.29 22:00:00,0.98148,0.98537,0.97346,0.98013,588286.89
2022.10.02 22:00:00,0.97933,0.98445,0.97525,0.98248,706603.72
2022.10.03 22:00:00,0.98248,0.99995,0.9806,0.99852,597033.26
2022.10.04 22:00:00,0.99841,0.99947,0.98346,0.98821,533194.2025
2022.10.05 22:00:00,0.98795,0.99264,0.9788,0.97896,714846.8
2022.10.06 22:00:00,0.97902,0.98167,0.97259,0.97388,671796.863
2022.10.09 22:00:00,0.97336,0.97531,0.96815,0.97018,496394.74
2022.10.10 22:00:00,0.97009,0.97745,0.96698,0.97054,773514.4
2022.10.11 22:00:00,0.97039,0.97346,0.96678,0.97022,763598.81
2022.10.12 22:00:00,0.97019,0.98057,0.96315,0.97739,796010.34
2022.10.13 22:00:00,0.97739,0.98086,0.9707,0.97182,807190.77
2022.10.16 22:00:00,0.97201,0.9852,0.97182,0.98389,642625.12
2022.10.17 22:00:00,0.98375,0.98755,0.98124,0.98558,707308.75
2022.10.18 22:00:00,0.98543,0.98721,0.97571,0.97721,683238.06
2022.10.19 22:00:00,0.97715,0.98454,0.97544,0.97843,707103.32
2022.10.20 22:00:00,0.9784,0.98689,0.97048,0.98613,902998.71
2022.10.23 22:00:00,0.98712,0.9899,0.98067,0.98728,926041.97
2022.10.24 22:00:00,0.98703,0.99768,0.98484,0.99646,670873.06
2022.10.25 22:00:00,0.99646,1.00885,0.99434,1.00785,653440.53
2022.10.26 22:00:00,1.00771,1.00934,0.99575,0.99635,613607.91
2022.10.27 22:00:00,0.99635,0.9998,0.99265,0.99631,633188.55
2022.10.30 21:00:00,0.99464,0.99656,0.98728,0.98802,471710.5893
2022.10.31 21:00:00,0.98801,0.99539,0.98527,0.98738,384511.48
2022.11.01 21:00:00,0.98719,0.99757,0.98129,0.98145,599468.03
2022.11.02 21:00:00,0.98139,0.98394,0.97299,0.97468,602500.28
2022.11.03 21:00:00,0.97468,0.99664,0.97424,0.9956,649038.56
2022.11.06 22:00:00,0.99036,1.0034,0.99001,1.00182,610068.92
2022.11.07 22:00:00,1.00184,1.00963,0.99715,1.00708,512058.1
2022.11.08 22:00:00,1.00707,1.0088,0.99927,1.00091,629916.84
2022.11.09 22:00:00,1.00091,1.02218,0.99354,1.0208,692385.77
2022.11.10 22:00:00,1.02033,1.0364,1.0163,1.03538,673664.94
2022.11.13 22:00:00,1.03354,1.03584,1.02713,1.03258,643659.25
2022.11.14 22:00:00,1.03259,1.04808,1.02799,1.03478,850493.35
2022.11.15 22:00:00,1.03465,1.04384,1.03307,1.0394,833379.71
2022.11.16 22:00:00,1.03913,1.04065,1.03051,1.03643,604013.63
2022.11.17 22:00:00,1.03643,1.03959,1.03134,1.03235,550951.83
2022.11.20 22:00:00,1.03227,1.0333,1.02227,1.02387,571711.98
2022.11.21 22:00:00,1.02383,1.03082,1.02375,1.03036,505365.57
2022.11.22 22:00:00,1.03026,1.04048,1.02963,1.03942,587041.4
2022.11.23 22:00:00,1.03914,1.04484,1.03816,1.04071,459735.6
2022.11.24 22:00:00,1.04071,1.04291,1.03546,1.03926,475977.74
2022.11.27 22:00:00,1.03716,1.04967,1.033,1.03385,460942.12
2022.11.28 22:00:00,1.03373,1.03942,1.03197,1.0328,663756.32
2022.11.29 22:00:00,1.0328,1.04285,1.029,1.04041,747723.27
2022.11.30 22:00:00,1.04041,1.05336,1.03929,1.05209,778319.444
2022.12.01 22:00:00,1.05156,1.05448,1.0428,1.05325,700301.44
2022.12.04 22:00:00,1.05303,1.05948,1.048,1.04877,576823.27
2022.12.05 22:00:00,1.04877,1.05326,1.04591,1.04629,607940
2022.12.06 22:00:00,1.0462,1.05496,1.04431,1.05029,587272.57
2022.12.07 22:00:00,1.05011,1.05647,1.04895,1.0554,527222.35
2022.12.08 22:00:00,1.0554,1.05881,1.05027,1.05316,523533.84
2022.12.11 22:00:00,1.05264,1.058,1.05057,1.05352,434381.69
2022.12.12 22:00:00,1.05355,1.06731,1.05278,1.06323,496474.54
2022.12.13 22:00:00,1.06323,1.0695,1.06187,1.06811,537605.555
2022.12.14 22:00:00,1.06793,1.07361,1.05921,1.06256,532980.55
2022.12.15 22:00:00,1.0625,1.0663,1.05839,1.05839,469569.22
2022.12.18 22:00:00,1.05895,1.06578,1.05757,1.06062,366451.61
2022.12.19 22:00:00,1.06062,1.06584,1.05788,1.06232,587564.24
2022.12.20 22:00:00,1.06231,1.06455,1.05901,1.06035,398637.68
2022.12.21 22:00:00,1.06035,1.06593,1.0573,1.05954,388216.28
2022.12.22 22:00:00,1.05954,1.06328,1.05867,1.06172,385247.23
2022.12.25 22:00:00,1.06114,1.06361,1.05979,1.06361,46219.86
2022.12.26 22:00:00,1.0636,1.06694,1.06113,1.06393,283970.15
2022.12.27 22:00:00,1.06398,1.06742,1.06065,1.06117,345736.89
2022.12.28 22:00:00,1.06113,1.06902,1.06092,1.06608,322639.25
2022.12.29 22:00:00,1.06605,1.07131,1.06385,1.07026,399350.298
2023.01.01 22:00:00,1.0697,1.07087,1.06499,1.06646,123288.51
2023.01.02 22:00:00,1.06646,1.06833,1.05194,1.05466,522640.2
2023.01.03 22:00:00,1.05461,1.06354,1.05403,1.06008,434973.26
2023.01.04 22:00:00,1.06006,1.06314,1.05148,1.05202,458032.98
2023.01.05 22:00:00,1.05195,1.0648,1.04823,1.06413,443293.2
2023.01.08 22:00:00,1.06406,1.07605,1.06381,1.07293,409544.15
2023.01.09 22:00:00,1.07293,1.07592,1.07119,1.07322,409977.18
2023.01.10 22:00:00,1.07322,1.07762,1.07254,1.07561,395602.85
2023.01.11 22:00:00,1.07559,1.08668,1.07297,1.08516,642740.2
2023.01.12 22:00:00,1.08476,1.08679,1.07803,1.08302,493930.52
2023.01.15 22:00:00,1.08288,1.08741,1.08013,1.08192,288228.38
2023.01.16 22:00:00,1.08196,1.08693,1.07744,1.07872,497831.28
2023.01.17 22:00:00,1.07872,1.08873,1.07661,1.07935,368761.36
2023.01.18 22:00:00,1.07928,1.08398,1.07821,1.08308,215923.74
2023.01.19 22:00:00,1.08267,1.08587,1.08022,1.08549,160665.28
2023.01.22 22:00:00,1.08678,1.09267,1.08461,1.08713,184941.1575
2023.01.23 22:00:00,1.0871,1.08978,1.08349,1.08848,311497.14
2023.01.24 22:00:00,1.08848,1.09236,1.08571,1.09147,396228.45
2023.01.25 22:00:00,1.09146,1.09293,1.08505,1.08916,371966.11
2023.01.26 22:00:00,1.08918,1.09001,1.08377,1.08649,306558.56
2023.01.29 22:00:00,1.08643,1.09137,1.08389,1.08488,205875.767
2023.01.30 22:00:00,1.08488,1.08747,1.08019,1.08621,309125.27
2023.01.31 22:00:00,1.0861,1.10009,1.0852,1.09886,449863.18
2023.02.01 22:00:00,1.09883,1.10327,1.08851,1.0909,490186.38
2023.02.02 22:00:00,1.09086,1.09399,1.07924,1.07929,515611.26
2023.02.05 22:00:00,1.0782,1.07987,1.07092,1.0725,373691.275
2023.02.06 22:00:00,1.07251,1.07664,1.0669,1.07248,504043.3
2023.02.07 22:00:00,1.07247,1.07607,1.07092,1.07099,332973.65
2023.02.08 22:00:00,1.07099,1.07907,1.07093,1.07368,349965.58
2023.02.09 22:00:00,1.07367,1.07525,1.06661,1.06754,409045.2
2023.02.12 22:00:00,1.06808,1.07297,1.06553,1.0721,319305.09
2023.02.13 22:00:00,1.0721,1.08044,1.07066,1.07362,544323.04
2023.02.14 22:00:00,1.07361,1.07443,1.06604,1.0688,417986.24
2023.02.15 22:00:00,1.06871,1.07222,1.06544,1.06722,472890.22
2023.02.16 22:00:00,1.06728,1.06982,1.06126,1.06929,413943.765
2023.02.19 22:00:00,1.06849,1.07044,1.06701,1.06841,227634.88
2023.02.20 22:00:00,1.06839,1.0698,1.06372,1.06449,432810.63
2023.02.21 22:00:00,1.06438,1.06638,1.05989,1.06031,390225
2023.02.22 22:00:00,1.06031,1.06275,1.05769,1.05949,381025
2023.02.23 22:00:00,1.05934,1.06141,1.05359,1.0545,473599.57
